<mxGraphModel dx="1484" dy="1247" grid="1" gridSize="10" guides="1" tooltips="1" connect="1" fold="1" page="1" pageScale="1" pageWidth="826" pageHeight="1169" style="default-style2" math="0"><root><mxCell id="0"/><mxCell id="1" parent="0"/><mxCell id="2" value="123" style="ellipse;whiteSpace=wrap;html=1;blue" parent="1" vertex="1"><mxGeometry x="-490" y="130" width="80" height="80" as="geometry"/></mxCell><mxCell id="3" value="789" style="ellipse;whiteSpace=wrap;html=1;purple" parent="1" vertex="1"><mxGeometry x="-490" y="400" width="80" height="80" as="geometry"/></mxCell><mxCell id="4" style="edgeStyle=orthogonalEdgeStyle;rounded=0;html=1;" parent="1" source="2" target="3" edge="1"><mxGeometry relative="1" as="geometry"/></mxCell><mxCell id="6" value="456" style="ellipse;whiteSpace=wrap;html=1;green" parent="1" vertex="1"><mxGeometry x="-680" y="130" width="80" height="80" as="geometry"/></mxCell></root></mxGraphModel>